N,initial_freq,x0,p_fixation_mc,p_fixation_theory,tau_mc_mean,tau_mc_se,tau_theory
50,0.1,5,0.1032,0.1,792.7756,7.501594754345567,788.5467524997532
50,0.2,10,0.20045,0.2,1228.21195,8.53065551206548,1226.4431409666815
50,0.30000000000000004,15,0.30145,0.30000000000000004,1499.8237,8.984019835047969,1502.474117622306
50,0.4,20,0.40255,0.4,1655.25805,8.906205693391687,1657.792992299288
50,0.5,25,0.5011,0.5,1702.84005,8.892992593562829,1708.1179014397896
50,0.6,30,0.6005,0.6,1646.79775,8.852803952654666,1657.7929922992896
50,0.7000000000000001,35,0.7049,0.7000000000000001,1504.03435,8.817674699310414,1502.474117622308
50,0.8,40,0.79895,0.8,1223.364,8.554967567367155,1226.4431409666834
50,0.9,45,0.8942,0.9,795.5699,7.384564575206705,788.5467524997542
