N,initial_freq,x0,p_fixation_mc,p_fixation_theory,tau_mc_mean,tau_mc_se,tau_theory
100,0.1,10,0.106,0.1,3305.0064,60.99734247350104,3201.6714967913135
100,0.2,20,0.1986,0.2,4987.3146,68.89901493851175,4954.461630544722
100,0.30000000000000004,30,0.3074,0.30000000000000004,5969.1138,71.16944701574978,6058.956480168546
100,0.4,40,0.4058,0.4,6734.4048,69.8138339923452,6680.380542940287
100,0.5,50,0.5028,0.5,6755.1202,69.65305182945126,6881.721793101964
100,0.6,60,0.6016,0.6,6653.448,72.20722540285892,6680.380542940287
100,0.7000000000000001,70,0.7132,0.7000000000000001,6044.095,72.12172999798729,6058.9564801685465
100,0.8,80,0.797,0.8,5025.6248,69.28900108342752,4954.461630544712
100,0.9,90,0.8988,0.9,3137.9704,58.62640449017368,3201.6714967913103
