N,initial_freq,x0,p_fixation_mc,p_fixation_theory,tau_mc_mean,tau_mc_se,tau_theory
50,0.1,5,0.1066,0.1,786.8028,14.990009707156167,788.5467524997532
50,0.2,10,0.2102,0.2,1258.0024,17.727007126844143,1226.4431409666815
50,0.30000000000000004,15,0.31,0.30000000000000004,1517.621,17.944728109536378,1502.474117622306
50,0.4,20,0.3952,0.4,1606.4274,17.34091900102783,1657.792992299288
50,0.5,25,0.5172,0.5,1714.0812,18.1593726005047,1708.1179014397896
50,0.6,30,0.602,0.6,1657.5258,18.129021751677794,1657.7929922992896
50,0.7000000000000001,35,0.7032,0.7000000000000001,1500.8986,17.653878772404386,1502.474117622308
50,0.8,40,0.8068,0.8,1250.3882,17.147757007090657,1226.4431409666834
50,0.9,45,0.8984,0.9,775.8558,14.513384220972759,788.5467524997542
