N,initial_freq,x0,p_fixation_mc,p_fixation_theory,tau_mc_mean,tau_mc_se,tau_theory
100,0.1,10,0.1044,0.1,3155.5038,57.13331339645061,3201.6714967913135
100,0.2,20,0.1982,0.2,4910.7814,66.76292000729438,4954.461630544722
100,0.30000000000000004,30,0.2974,0.30000000000000004,6119.1796,71.59599146787215,6058.956480168546
100,0.4,40,0.3872,0.4,6639.4216,72.22516580698071,6680.380542940287
100,0.5,50,0.507,0.5,6911.823,71.61439294296585,6881.721793101964
100,0.6,60,0.604,0.6,6656.7446,72.85508693106141,6680.380542940287
100,0.7000000000000001,70,0.6978,0.7000000000000001,6147.538,70.74616912059795,6058.9564801685465
100,0.8,80,0.7984,0.8,4926.9148,67.79755829298198,4954.461630544712
100,0.9,90,0.9018,0.9,3181.8488,58.54728088654121,3201.6714967913103
