theta,c,R,lam,mu
0.1,1.1,0.09090909090914152,1.0,1.0
0.2,1.2,0.1666666666666676,1.0,1.0
0.5,1.5,0.33333333333336823,1.0,1.0
